Margaret Chin,1,Manhattan,Democrat,Chatham Green 165 Park Row  suite #11 New York  NY 10038,212-587-3159,250 Broadway Suite 1882 New York  NY 10007,212-788-7259,chin@council.nyc.gov,http://council.nyc.gov/d1/images/features/MC_headshot1.jpg,CM_MargaretChin,
Rosie Mendez,2,Manhattan,Democrat,237 First Ave Suite 504 New York  NY 10003,212-677-1077,250 Broadway Room 1734 New York  NY 10007,212-788-7366,rmendez@council.nyc.gov,http://www.rosiemendez.com/images/stories/Rosie_headshot.jpg,RosieMendez,
Corey Johnson,3,Manhattan,Democrat,224 West 30th St (Suite 1206) New York  NY 10001,(212) 564-7757,250 Broadway Suite 1804  New York  New York 10007,(212) 788-6979,corey.johnson@council.nyc.gov,http://council.nyc.gov/d3/images/features/District03_Johnson.jpg,CoreyinNYC,
Daniel R. Garodnick,4,Manhattan,Democrat,211 East 43rd Street Suite 1205 New York  NY 10017,212-818-0580,250 Broadway Suite 1762 New York  NY 10007,212-788-7393,garodnick@council.nyc.gov,http://council.nyc.gov/d4/images/features/d4garodnick.jpg,DanGarodnick,
Ben Kallos,5,Manhattan,Democrat,"244 East 93rd Street New York  NY 10128",212-860-1950,250 Broadway Suite 1738 New York  NY 10007,212-788-6865,ben@benkallos.com,http://council.nyc.gov/d5/images/features/District05_Kallos.jpg,kallos,
Helen Rosenthal,6,,Democrat,563 Columbus Ave (at the corner of 87th St.) New York  New York 10024,(212) 873-0282,City Hall Office 250 Broadway Suite 1744 New York  NY 10007,(212) 788-6975,hrosenthal@council.nyc.gov,"http://www.council.nyc.gov/d6/images/Rosenthal%20headshot%20-%20brighter,%20cropped%20-%20for%20CC%20site.jpg",HelenRosenthal,
Mark Levine,7,Manhattan,Democrat,"500 West 141st Street
 New York  NY 10031",212-928-6814,250 Broadway  Rm. 1816 New York  NY 10007,212-788-7007,district7@council.nyc.gov,http://www.council.nyc.gov/d7/images/features/marklevine.jpg,MarkLevineNYC,
Melissa Mark-Viverito,8,Manhattan and Bronx,Democrat,105 East 116th Street  New York  NY 10029 OR 214 St. Annâ€™s Ave  Bronx  NY 10454,"Manhattan: 212-828-9800
 Bronx: 347-297-4922",250 Broadway Suite 1856 New York  NY 10007,212-788-7210,mviverito@council.nyc.gov,http://www.council.nyc.gov/d8/images/features/mmv.png,MMViverito,
Inez E. Dickens,9,Manhattan,Democrat,Adam Clayton Powell Jr. Blvd. 163 W. 125 Street New York  NY 10027,212-678-4505,250 Broadway Suite 1875 New York  NY 10007,212-788-7397,idickens@council.nyc.gov,http://www.council.nyc.gov/d9/images/features/d09ignizio.jpg,inezdickens2013,
Ydanis Rodriguez,10,Manhattan,Democrat,618 W. 177th Street  Ground Floor New York  NY 10033,917-521-2616,250 Broadway  Suite 1763 New York  NY 10007,212-788-7053,yrodriguez@council.nyc.gov,http://www.council.nyc.gov/d10/images/features/YRHS.jpg,ydanis,
Andrew Cohen,11,Bronx,Democrat,277 West 231st Street Bronx  NY 10463,(718) 549-7300,250 Broadway  Suite 1821 New York  NY 10007,(212) 788-7080,acohen@council.nyc.gov,http://www.council.nyc.gov/d11/images/features/District11_Cohen.jpg,AndrewCohenNYC,
Andy King,12,Bronx,Democrat,940 East Gun Hill Road Bronx  NY 10467,718-684-5509,250 Broadway  Room 1774 New York  NY 10007,212-788-6873,andy.king@council.nyc.gov,http://www.council.nyc.gov/d12/images/features/CMKING%20HS%20220-311.jpg,AndyKingNYC,
James Vacca,13,Bronx,Democrat,3040 East Tremont Ave. Room 104 Bronx  New York 10461,718-931-1721,250 Broadway Suite 1749 New York  NY 10007,212-788-7375,jvacca@council.nyc.gov,http://www.council.nyc.gov/d13/images/features/d13vacca.jpg,JamesVacca13,
Fernando Cabrera,14,Bronx,Democrat,107 East Burnside Ave Bronx  NY 10453,347-590-2874,250 Broadway Suite 1725   New York  NY 10007,212-788-7074,fcabrera@council.nyc.gov,http://www.council.nyc.gov/d14/images/features/d14cabrera.jpg,FCabreraNY,
Ritchie Torres,15,Bronx,Democrat,"573 East Fordham Road 
 (Entrance on Hoffman Street) 
 Bronx  NY 10458",718-842-8100,"250 Broadway 
 Suite 1759 
 New York  NY 10007",212-788-6966,rjordan@council.nyc.gov,http://www.council.nyc.gov/d15/images/features/District15_Torres2.jpg,RitchieTorres,
Vanessa L Gibson,16,Bronx,Democrat,1377 Jerome Avenue Bronx  New 10452,718-588-7500,250 Broadway Suite 1770 New York  NY 10007,212-788-6856,vgibson@council.nyc.gov,http://www.council.nyc.gov/d16/images/features/district16_gibson.jpg,Vanessalgibson,
Vacant,17,Bronx,,,,,,rsalamance@council.nyc.gov,,,
Annabel Palma,18,Bronx,Democrat,1041 Castle Hill Avenue Bronx  New York 10472,718-792-1140,250 Broadway Suite 1781 New York  NY 10007,212-788-6853,palma@council.nyc.ny.us,http://www.council.nyc.gov/d18/images/features/d18palma.jpg,PalmaAnnabel,
Paul Vallone,19,Queens,Democrat,42-40 Bell Boulevard  Suite 507 Bayside  New York 11361,718-619-8611,250 Broadway  Suite 1841 New York  NY 10007,212-788-7250,district19@council.nyc.gov,http://www.council.nyc.gov/d19/images/features/District19_Vallone.jpg,PaulVallone,
Peter Koo,20,Queens,Democrat,135-27 38 Ave  Suite 388 Flushing  NY 11354,718-888-8747,250 Broadway Suite 1847 New York  NY 10007,212-788-7022,pkoo@council.nyc.org,http://council.nyc.gov/d20/images/features/d20koo.jpg,PeterKoo2009,
Julissa Ferreras,21,Queens,Democrat,32-33A Junction Blvd East Elmhurst  NY 11369,718-651-1917,250 Broadway Room 1866 New York  NY 10007,212-788-6862,jferreras@council.nyc.gov,http://www.council.nyc.gov/d21/images/headshot.jpg,JulissaFerreras,
Costa Constantinides,22,Queens,Democrat,31-09 Newtown Avenue Suite 209  Astoria NY 11102,718-274-4500,250 Broadway  Suite 1808  New York  NY 10007,212-788-6963,cconstantinides@council.nyc.gov,http://www.council.nyc.gov/d22/images/features/d22.jpg,Costa4NY,
BARRY GRODENCHIK,23,Queens,Democrat,73-03 Bell Boulevard Oakland Gardens NY 11364,718-468-0137,250 Broadway Suite 1738 New York NY 10007,212-788-7075,"bgrodenchick@council.nyc.gov
",http://council.nyc.gov/d23/images/grodenchik.jpg,BarryGrodenchik,
Rory Lancman,24,Queens,Democrat,"78-40 164th Street
 Hillcrest  NY 11366",718-217-4969,250 Broadway Suite 1773 New York  NY 10007,212-788-6956,rlancman@council.nyc.gov,http://www.council.nyc.gov/d24/images/features/District24_Lancman.jpg,RoryLancman,
Daniel Dromm,25,Queens,Democrat,37-32 75th St. Jackson Heights  New York 11372,718-803-6373,250 Broadway  Suite 1826 New York  NY 10007,212-788-7066,ddromm@council.nyc.gov,http://www.council.nyc.gov/d25/images/features/d25dromm.jpg,Dromm25,
Jimmy Van Bramer,26,Queens,Democrat,47-01 Queens Boulevard Suite 205 Sunnyside  NY 11104,718-383-9566,250 Broadway  Suite 1833 New York  NY 10007,212-788-7370,jvanbramer@council.nyc.org,http://www.council.nyc.gov/d26/images/features/d26vanbramer.jpg,JimmyVanBramer,
I. Daneek Miller,27,Queens,Democrat,172-12 Linden Boulevard St. Albans  NY 11434,718-776-3700,250 Broadway Suite 1810 New York  NY 10007,212-788-7084,idmiller@council.nyc.gov,http://www.council.nyc.gov/d27/images/features/District27_Miller.jpg,IDaneekMiller,
Ruben Wills,28,Queens,Democrat,95-26 Sutphin Blvd Jamaica  NY 11435,718-206-2068,250 Broadway New York  NY 10007,212-788-6850,wruben@council.nyc.gov,http://www.council.nyc.gov/d28/images/features/WebSiteCM%20Wills%201.2.JPG,CM_RubenWills,
Karen Koslowitz,29,Queens,Democrat,118-35 Queens Blvd  17th Floor Forest Hills  NY 11375,718-544-8800,250 Broadway Suite 1872 New York  NY 10007,212-788-6981,koslowitz@council.nyc.gov,http://www.council.nyc.gov/d29/images/features/d29koslowitz.jpg,CMKoslowitz,
Elizabeth Crowley,30,Queens,Democrat,Atlas Park Mall - 71-19 80th Street  Suite 8-303 Glendale  NY 11385,(718) 366-3900,250 Broadway Suite 1765 New York  NY 10007,,ecrowley@council.nyc.gov,http://www.council.nyc.gov/d30/image/crowley_headshot_new.jpg,ElizCrowleyNYC,
Donovan Richards,31,Queens,Democrat,"(Rockaway Office) 1931 Mott Avenue  Suite 410 Far Rockaway  NY 11691
 OR (Laurelton Office) 234-26A Merrick Blvd. Laurelton  NY 11422","(Rockaway) 718-471-7014 
 OR (Laurelton) 718-527-4356",250 Broadway  Suite 1731 NY  NY 10007,212-788-7216,drichards@council.nyc.gov,http://www.council.nyc.gov/d31/images/cmrichardsheadshot.jpg,DRichards13,
Eric Ulrich,32,Queens,Republican,"Ozone Park District Office: 93-06 101st Avenue
  Ozone Park 11416 OR Rockaway District Office:
 114-12 Beach Channel Drive  Suite 1
 Rockaway Park  NY 11694",718-738-1083,250 Broadway Suite 1555 New York  NY 10007,212-788-7069,eulrich@council.nyc.gov,http://www.council.nyc.gov/d32/images/ulrichheadshot.jpg,eric_ulrich,
Stephen Levin,33,Brooklyn,Democrat,410 Atlantic Avenue Brooklyn  NY 11217,718-875-5200,250 Broadway  1820 New York  NY 10007,212-788-7348,slevin@council.nyc.gov,http://www.council.nyc.gov/d33/images/features/d33levin.jpg,StephenLevin33,
Antonio Reynoso,34,Brooklyn,Democrat,244 Union Ave  Brooklyn NY 11211,718-963-3141,250 Broadway Suite 1740 New York  NY 10007,212-788-7095,jburgos@council.nyc.gov,http://www.council.nyc.gov/d34/images/features/District34Reynoso.jpg,Antonio4Council,
Laurie Cumbo,35,Brooklyn,Democrat,1 Hanson Pl  Suite 201  Brooklyn  NY 11243,718-260-9191,250 Broadway Suite 1792 New York  NY 10007,212-788-7081,m35@council.nyc.gov,http://www.council.nyc.gov/d35/images/features/District35_Cumbo1.jpg,lauriecumbo,
Robert Cornegy,36,Brooklyn,Democrat,1360 Fulton Street Suite 500 Brooklyn  NY 11216,718-919-0740,250 Broadway Suite 1743 New York  NY 10007,212-788-7354,RCornegy@council.nyc.gov,http://www.council.nyc.gov/d36/images/features/District36_Cornegy.jpg,RobertCornegyJr,
Rafael Espinal,37,Brooklyn,Democrat,786 Knickerbocker Avenue  Brooklyn  NY 11207,718-642-8664,250 Broadway Suite 1880 New York  NY 10007,212-788-7284,respinal@council.nyc.gov,http://www.council.nyc.gov/d37/images/features/EspinalHeadshot.jpg,RLEspinal,
Carlos Menchaca,38,Brooklyn,Democrat,4417 4th Avenue  Ground Floor Brooklyn  NY 11220,718-439-9012,250 Broadway Suite 1728 New York  NY 10007,212-788-7372,cmenchaca@council.nyc.gov,http://www.council.nyc.gov/d38/images/features/District38_Menchaca.jpg,cmenchaca,
Brad Lander,39,Brooklyn,Democrat,456 5th Ave Brooklyn  NY 11215,718-499-1090,"250 Broadway
 Suite 1751
 New York  NY 10007",212-788-6969,lander@council.nyc.gov,http://www.council.nyc.gov/d39/images/features/d39lander.jpg,bradlander,
Mathieu Eugene,40,Brooklyn,Democrat,123 Linden Boulevard Brooklyn  New York 11226,718-287-8762,250 Broadway Suite 1789 New York  NY 10007,212-788-7352,meugene@council.nyc.gov,http://www.council.nyc.gov/d40/images/features/d40eugene.jpg,MathieuEugene,
Darlene Mealy,41,Brooklyn,Democrat,1757 Union Street  2nd Floor Brooklyn  NY 11213,718-953-3097,250 Broadway Suite 1778 New York  NY 10007,212-788-7387,dmealy@council.nyc.gov,http://www.council.nyc.gov/d41/images/features/d41mealy.jpg,CMDarleneMealy,
Inez Barron,42,Brooklyn,Democrat,718 Pennsylvania Ave. Brooklyn  New York 11207,718-649-9495,250 Broadway Suite 1823 New York  NY 10007,212-788-6957,ibarron@council.nyc.gov,http://www.council.nyc.gov/d42/images/features/District42_Barron.jpeg,,
Vincent Gentile,43,Brooklyn,Democrat,8018 5th Avenue  Brooklyn  NY 11209,718-748-5200,250 Broadway  Room 1747  New York  NY 10007,212-788-7363,vgentile@council.nyc.gov,http://www.council.nyc.gov/d43/images/features/d43gentile.jpg,,
David G. Greenfield,44,Brooklyn,Democrat,4424 16th Avenue Brooklyn  New York 11204,718-853-2704,250 Broadway 17th Floor New York  NY 10007,718-853-2704,dgreenfield@council.nyc.gov ,http://www.council.nyc.gov/d44/images/features/d44greenfield.jpg,NYCGreenfield,
Jumaane D. Williams,45,Brooklyn,Democrat,4517 Avenue D Brooklyn  NY 11203,718-629-2900,250 Broadway Suite 1754 New York  NY 10007,212-788-6859,jwilliams@council.nyc.gov,http://www.council.nyc.gov/d45/images/features/d45williams.jpg,JumaaneWilliams,
Alan Maisel,46,Brooklyn,Democrat,"2424 Ralph Avenue
 Brooklyn  New York 11234",718-241-9330,"250 Broadway
 Suite 1538
 New York  NY 10007",212-788-7286,amaisel@council.nyc.gov,http://www.council.nyc.gov/d46/images/features/District46_Maisel.jpg,,
Mark Treyger,47,Brooklyn,Democrat,445 Neptune Avenue  Community Room 2C Brooklyn  New York 11224 OR 2015 Stillwell Ave Brooklyn  NY 11223,"718-373-9673
 (Coney Island) OR 718-307-7151
 (Bensonhurst/Gravesend)",250 Broadway Suite 1785 New York  NY 10007,212-788-7045,mpartnow@council.nyc.gov,http://www.council.nyc.gov/d47/images/features/District47_Treyger.jpeg,MarkTreyger718,
Chaim M. Deutsch,48,Brooklyn,Democrat,2401 Avenue U  Brooklyn  NY 11229,718-368-9176,250 Broadway Suite 1815 New York  NY,212-788-7360,cdeutsch@council.nyc.gov,http://www.council.nyc.gov/d48/images/features/District48_Deutsch3.jpg,ChaimDeutsch,
Deborah Rose,49,Staten Island,Democrat,130 Stuyvesant Place 6th Floor  Room 602 Staten Island  New York 10301,718-556-7370,250 Broadway Room 1868 New York  New York 10007,212-788-6972,drose@council.nyc.gov,http://www.council.nyc.gov/d49/images/features/d49rose.jpg,,
Steven Matteo,50,Staten Island,Republican,900 South Avenue  Suite 403 Staten Island  NY 10314,718-980-1017,250 Broadway Suite 1553 New York  NY 10007,250 Broadway Suite 1553 New York  NY 10007,SMatteo@council.nyc.gov,http://www.council.nyc.gov/d50/images/features/matteo.jpg,StevenMatteo,
Joe Borelli,51,Staten Island,Republican,3944 Richmond Avenue Staten Island  New York 10312,718-984-5151,City Hall Second Floor New York  NY 10007,212-788-7159,borelli@council.nyc.gov,,BorelliJoe,
NAME,DISTRICT,BOROUGH,PARTY,DistrictAddress,District#,LegAddress,Leg#,Email,Twitter,NextElection,PhotoURL